X,Y,ZM,TRATA,BLOQUE,Rto
383012.3959,6285446.463,AP,SPS+Zn,1,9911.48366
383016.5954,6285446.522,AP,SPS+Zn,1,9760.44002
383020.795,6285446.581,AP,SPS+Zn,1,10258.88403
383024.9946,6285446.641,AP,SPS+Zn,1,8609.48748
383029.1942,6285446.7,AP,SPS+Zn,1,9766.48176
383033.3938,6285446.76,AP,SPS+Zn,1,10181.86367
383037.5933,6285446.819,AP,SPS+Zn,1,12072.40674
383041.7929,6285446.878,AP,SPS+Zn,1,10021.75741
383045.9925,6285446.938,AP,SPS+Zn,1,9697.00169
383050.1921,6285446.997,AP,SPS+Zn,1,9265.01688
383054.3917,6285447.056,AP,SPS+Zn,1,8851.1573
383058.5912,6285447.116,AP,SPS+Zn,1,8192.60703
383062.7908,6285447.175,AP,SPS+Zn,1,9585.22939
383066.9904,6285447.235,AP,SPS+Zn,1,9215.68388
383071.19,6285447.294,AP,SPS+Zn,1,13735.90862
383075.3896,6285447.353,AP,SPS+Zn,1,10348.01167
383079.5891,6285447.413,AP,SPS+Zn,1,11086.60318
383083.7887,6285447.472,AP,SPS+Zn,1,10186.38308
383087.9883,6285447.531,AP,SPS+Zn,1,10754.30717
383092.1879,6285447.591,AP,SPS+Zn,1,10445.17911
383096.3875,6285447.65,AP,SPS+Zn,1,9725.71187
383100.587,6285447.71,AP,SPS+Zn,1,12171.09651
383104.7866,6285447.769,AP,SPS+Zn,1,10269.46898
383108.9862,6285447.828,AP,SPS+Zn,1,10539.8252
383113.1858,6285447.888,AP,SPS+Zn,1,9520.29252
383117.3854,6285447.947,AP,SPS+Zn,1,8598.92632
383121.5849,6285448.006,AP,SPS+Zn,1,9677.87742
383125.7845,6285448.066,AP,SPS+Zn,1,9854.08707
383129.9841,6285448.125,AP,SPS+Zn,1,12143.90866
383134.1837,6285448.185,AP,SPS+Zn,1,11221.2342
383138.3833,6285448.244,AP,SPS+Zn,1,9351.21879
383142.5828,6285448.303,AP,SPS+Zn,1,9144.68148
383146.7824,6285448.363,AP,SPS+Zn,1,8315.72544
383150.982,6285448.422,AP,SPS+Zn,1,8674.90008
383155.1816,6285448.481,AP,SPS+Zn,1,11647.41513
383159.3812,6285448.541,AP,SPS+Zn,1,12769.72884
383163.5807,6285448.6,AP,SPS+Zn,1,9312.3756
383167.7803,6285448.66,AP,SPS+Zn,1,7411.84224
383171.9799,6285448.719,AP,SPS+Zn,1,7830.48288
383176.1795,6285448.778,AP,SPS+Zn,1,7806.69648
383180.3791,6285448.838,AP,SPS+Zn,1,8102.83716
383184.5786,6285448.897,AP,SPS+Zn,1,11022.61776
383188.7782,6285448.956,AP,SPS+Zn,1,9479.66535
383192.9778,6285449.016,AP,SPS+Zn,1,10417.25388
383197.1774,6285449.075,AP,SPS+Zn,1,9813.07932
383201.377,6285449.135,AP,SPS+Zn,1,9445.57944
383205.5765,6285449.194,AP,SPS+Zn,1,9514.56
383209.7761,6285449.253,AP,SPS+Zn,1,9503.85612
383213.9757,6285449.313,AP,SPS+Zn,1,9727.44828
383218.1753,6285449.372,AP,SPS+Zn,1,10324.89129
383222.3749,6285449.431,AP,SPS+Zn,1,8916.33204
383226.5745,6285449.491,AP,SPS+Zn,1,7769.82756
383230.774,6285449.55,AP,SPS+Zn,1,8643.97776
383234.9736,6285449.609,AP,SPS+Zn,1,9283.83192
383239.1732,6285449.669,AP,SPS+Zn,1,8952.01164
383243.3728,6285449.728,AP,SPS+Zn,1,9678.68616
383247.5724,6285449.788,AP,SPS+Zn,1,8829.51168
383251.7719,6285449.847,AP,SPS+Zn,1,9332.18967
383255.9715,6285449.906,AP,SPS+Zn,1,9995.04528
383260.1711,6285449.966,AP,SPS+Zn,1,8683.22532
383264.3707,6285450.025,AP,SPS+Zn,1,8969.85144
383268.5703,6285450.084,AP,SPS+Zn,1,8955.5796
383272.7698,6285450.144,AP,SPS+Zn,1,7703.22564
383276.9694,6285450.203,BP,SPS+Zn,1,8511.96324
383281.169,6285450.263,BP,SPS+Zn,1,7202.52192
383285.3686,6285450.322,BP,SPS+Zn,1,8865.19128
383289.5682,6285450.381,BP,SPS+Zn,1,8527.4244
383293.7677,6285450.441,BP,SPS+Zn,1,7354.75488
383297.9673,6285450.5,BP,SPS+Zn,1,6462.76488
383302.1669,6285450.559,BP,SPS+Zn,1,6921.8424
383306.3665,6285450.619,BP,SPS+Zn,1,6712.52208
383310.5661,6285450.678,BP,SPS+Zn,1,7973.20128
383314.7656,6285450.738,BP,SPS+Zn,1,7078.83264
383318.9652,6285450.797,BP,SPS+Zn,1,7008.66276
383323.1648,6285450.856,BP,SPS+Zn,1,7542.66744
383327.3644,6285450.916,BP,SPS+Zn,1,8168.24976
383331.564,6285450.975,BP,SPS+Zn,1,8113.54104
383335.7635,6285451.034,BP,SPS+Zn,1,8428.71084
383339.9631,6285451.094,BP,SPS+Zn,1,8432.2788
383344.1627,6285451.153,BP,SPS+Zn,1,7704.41496
383348.3623,6285451.213,BP,SPS+Zn,1,8156.35656
383352.5619,6285451.272,BP,SPS+Zn,1,8471.52636
383356.7614,6285451.331,BP,SPS+Zn,1,9821.40456
383360.961,6285451.391,BP,SPS+Zn,1,8149.22064
383365.1606,6285451.45,BP,SPS+Zn,1,10948.87992
383369.3602,6285451.509,BP,SPS+Zn,1,9080.4582
383373.5598,6285451.569,BP,SPS+Zn,1,8326.42932
383377.7593,6285451.628,BP,SPS+Zn,1,8074.29348
383381.9589,6285451.688,BP,SPS+Zn,1,7506.98784
383386.1585,6285451.747,BP,SPS+Zn,1,7038.39576
383390.3581,6285451.806,BP,SPS+Zn,1,7499.85192
383394.5577,6285451.866,BP,SPS+Zn,1,8565.48264
383398.7572,6285451.925,BP,SPS+Zn,1,7728.20136
383402.9568,6285451.984,BP,SPS+Zn,1,7478.44416
383407.1564,6285452.044,BP,SPS+Zn,1,7744.85184
383411.356,6285452.103,BP,SPS+Zn,1,8074.29348
383415.5556,6285452.163,BP,SPS+Zn,1,6755.3376
383419.7551,6285452.222,BP,SPS+Zn,1,8044.56048
383423.9547,6285452.281,BP,SPS+Zn,1,8481.04092
383428.1543,6285452.341,BP,SPS+Zn,1,7560.50724
383432.3539,6285452.4,BP,SPS+Zn,1,7913.73528
383436.5535,6285452.459,BP,SPS+Zn,1,7876.86636
383440.753,6285452.519,BP,SPS+Zn,1,7490.33736
383444.9526,6285452.578,BP,SPS+Zn,1,7541.07375
383449.1522,6285452.638,BP,SPS+Zn,1,8957.95824
383453.3518,6285452.697,BP,SPS+Zn,1,8971.04076
383457.5514,6285452.756,BP,SPS+Zn,1,7618.78392
383461.7509,6285452.816,BP,SPS+Zn,1,7878.05568
383465.9505,6285452.875,BP,SPS+Zn,1,8909.19612
383470.1501,6285452.934,BP,SPS+Zn,1,8686.00833
383474.3497,6285452.994,BP,SPS+Zn,1,7397.5704
383478.5493,6285453.053,BP,SPS+Zn,1,7403.517
383482.7488,6285453.113,BP,SPS+Zn,1,7045.53168
383486.9484,6285453.172,BP,SPS+Zn,1,7951.79352
383491.148,6285453.231,BP,SPS+Zn,1,6766.04148
383495.3476,6285453.291,BP,SPS+Zn,1,8752.20588
383499.5472,6285453.35,BP,SPS+Zn,1,7028.8812
383503.7468,6285453.409,BP,SPS+Zn,1,7763.88096
383012.4552,6285442.263,AP,SPS,1,3187.49075
383016.6548,6285442.322,AP,SPS,1,9658.02873
383020.8544,6285442.382,AP,SPS,1,9720.59546
383025.054,6285442.441,AP,SPS,1,8234.9199
383029.2536,6285442.501,AP,SPS,1,9184.7967
383033.4531,6285442.56,AP,SPS,1,9282.62832
383037.6527,6285442.619,AP,SPS,1,9774.06158
383041.8523,6285442.679,AP,SPS,1,8463.57288
383046.0519,6285442.738,AP,SPS,1,9260.62758
383050.2515,6285442.797,AP,SPS,1,9366.80902
383054.451,6285442.857,AP,SPS,1,9689.88089
383058.6506,6285442.916,AP,SPS,1,9737.65912
383062.8502,6285442.976,AP,SPS,1,10697.77411
383067.0498,6285443.035,AP,SPS,1,10960.5544
383071.2494,6285443.094,AP,SPS,1,10669.33468
383075.4489,6285443.154,AP,SPS,1,10551.02667
383079.6485,6285443.213,AP,SPS,1,10491.87267
383083.8481,6285443.272,AP,SPS,1,10496.42298
383088.0477,6285443.332,AP,SPS,1,11065.21148
383092.2473,6285443.391,AP,SPS,1,9763.82339
383096.4468,6285443.451,AP,SPS,1,8840.11087
383100.6464,6285443.51,AP,SPS,1,10040.2546
383104.846,6285443.569,AP,SPS,1,9667.12935
383109.0456,6285443.629,AP,SPS,1,8702.46405
383113.2452,6285443.688,AP,SPS,1,9801.36343
383117.4447,6285443.747,AP,SPS,1,9192.75974
383121.6443,6285443.807,AP,SPS,1,9910.57082
383125.8439,6285443.866,AP,SPS,1,10154.0123
383130.0435,6285443.926,AP,SPS,1,10258.66939
383134.2431,6285443.985,AP,SPS,1,10800.15604
383138.4426,6285444.044,AP,SPS,1,9719.45789
383142.6422,6285444.104,AP,SPS,1,12117.4702
383146.8418,6285444.163,AP,SPS,1,11714.76795
383151.0414,6285444.222,AP,SPS,1,11281.35111
383155.241,6285444.282,AP,SPS,1,10306.44762
383159.4405,6285444.341,AP,SPS,1,12438.26692
383163.6401,6285444.401,AP,SPS,1,9943.56056
383167.8397,6285444.46,AP,SPS,1,10503.24844
383172.0393,6285444.519,AP,SPS,1,9687.60573
383176.2389,6285444.579,AP,SPS,1,9936.7351
383180.4384,6285444.638,AP,SPS,1,10518.03694
383184.638,6285444.697,AP,SPS,1,9877.58109
383188.8376,6285444.757,AP,SPS,1,10090.30799
383193.0372,6285444.816,AP,SPS,1,9703.53181
383197.2368,6285444.876,AP,SPS,1,9288.3162
383201.4363,6285444.935,AP,SPS,1,11453.12524
383205.6359,6285444.994,AP,SPS,1,10463.43325
383209.8355,6285445.054,AP,SPS,1,10069.8316
383214.0351,6285445.113,AP,SPS,1,10986.71867
383218.2347,6285445.172,AP,SPS,1,9472.60368
383222.4342,6285445.232,AP,SPS,1,9727.42093
383226.6338,6285445.291,AP,SPS,1,10325.78643
383230.8334,6285445.351,AP,SPS,1,9590.91169
383235.033,6285445.41,AP,SPS,1,9463.50306
383239.2326,6285445.469,AP,SPS,1,8263.35933
383243.4321,6285445.529,AP,SPS,1,9052.83777
383247.6317,6285445.588,AP,SPS,1,11626.03694
383251.8313,6285445.647,AP,SPS,1,10103.95891
383256.0309,6285445.707,AP,SPS,1,10215.44146
383260.2305,6285445.766,AP,SPS,1,8816.22175
383264.43,6285445.826,AP,SPS,1,9110.85419
383268.6296,6285445.885,AP,SPS,1,8352.09033
383272.8292,6285445.944,AP,SPS,1,7955.07596
383277.0288,6285446.004,BP,SPS,1,7715.04721
383281.2284,6285446.063,BP,SPS,1,7263.04237
383285.4279,6285446.122,BP,SPS,1,6793.60984
383289.6275,6285446.182,BP,SPS,1,6993.8234
383293.8271,6285446.241,BP,SPS,1,6902.81724
383298.0267,6285446.301,BP,SPS,1,6195.24434
383302.2263,6285446.36,BP,SPS,1,6430.72278
383306.4259,6285446.419,BP,SPS,1,6197.5195
383310.6254,6285446.479,BP,SPS,1,7080.27925
383314.825,6285446.538,BP,SPS,1,7148.53387
383319.0246,6285446.597,BP,SPS,1,7426.10266
383323.2242,6285446.657,BP,SPS,1,8375.97945
383327.4238,6285446.716,BP,SPS,1,7976.68992
383331.6233,6285446.776,BP,SPS,1,7894.78438
383335.8229,6285446.835,BP,SPS,1,8675.1622
383340.0225,6285446.894,BP,SPS,1,7081.03005
383344.2221,6285446.954,BP,SPS,1,7794.6776
383348.4217,6285447.013,BP,SPS,1,7505.73305
383352.6212,6285447.072,BP,SPS,1,8278.14783
383356.8208,6285447.132,BP,SPS,1,8133.67555
383361.0204,6285447.191,BP,SPS,1,7362.39834
383365.22,6285447.251,BP,SPS,1,7734.38602
383369.4196,6285447.31,BP,SPS,1,7976.68992
383373.6191,6285447.369,BP,SPS,1,6650.27514
383377.8187,6285447.429,BP,SPS,1,7025.67555
383382.0183,6285447.488,BP,SPS,1,7201.99999
383386.2179,6285447.547,BP,SPS,1,7250.9158
383390.4175,6285447.607,BP,SPS,1,8292.93633
383394.617,6285447.666,BP,SPS,1,7899.33469
383398.8166,6285447.726,BP,SPS,1,8594.39424
383403.0162,6285447.785,BP,SPS,1,6994.96097
383407.2158,6285447.844,BP,SPS,1,6331.75358
383411.4154,6285447.904,BP,SPS,1,6593.39629
383415.6149,6285447.963,BP,SPS,1,7134.88294
383419.8145,6285448.022,BP,SPS,1,8065.42093
383424.0141,6285448.082,BP,SPS,1,7803.77822
383428.2137,6285448.141,BP,SPS,1,7537.5852
383432.4133,6285448.2,BP,SPS,1,7497.77001
383436.6128,6285448.26,BP,SPS,1,7553.51128
383440.8124,6285448.319,BP,SPS,1,7807.19095
383445.012,6285448.379,BP,SPS,1,7347.60984
383449.2116,6285448.438,BP,SPS,1,8611.45789
383453.4112,6285448.497,BP,SPS,1,9439.61395
383457.6107,6285448.557,BP,SPS,1,8420.34495
383461.8103,6285448.616,BP,SPS,1,8139.36343
383466.0099,6285448.675,BP,SPS,1,7919.81107
383470.2095,6285448.735,BP,SPS,1,7965.31415
383474.4091,6285448.794,BP,SPS,1,7608.11498
383478.6086,6285448.854,BP,SPS,1,7285.04311
383482.8082,6285448.913,BP,SPS,1,7248.64064
383487.0078,6285448.972,BP,SPS,1,6798.16015
383491.2074,6285449.032,BP,SPS,1,8672.13625
383495.407,6285449.091,BP,SPS,1,9819.56466
383499.6065,6285449.15,BP,SPS,1,8237.58183
383503.8061,6285449.21,BP,SPS,1,6661.65091
383012.5146,6285438.064,AP,TESTIGO,1,8758.1868
383016.7142,6285438.123,AP,TESTIGO,1,10365.40725
383020.9138,6285438.182,AP,TESTIGO,1,6795.21795
383025.1133,6285438.242,AP,TESTIGO,1,9878.37075
383029.3129,6285438.301,AP,TESTIGO,1,9562.157009
383033.5125,6285438.36,AP,TESTIGO,1,9901.6638
383037.7121,6285438.42,AP,TESTIGO,1,10337.8791
383041.9117,6285438.479,AP,TESTIGO,1,10259.52975
383046.1112,6285438.538,AP,TESTIGO,1,9315.10245
383050.3108,6285438.598,AP,TESTIGO,1,10794.21113
383054.5104,6285438.657,AP,TESTIGO,1,10239.41303
383058.71,6285438.717,AP,TESTIGO,1,12749.76855
383062.9096,6285438.776,AP,TESTIGO,1,9531.09255
383067.1091,6285438.835,AP,TESTIGO,1,10447.9917
383071.3087,6285438.895,AP,TESTIGO,1,10426.8162
383075.5083,6285438.954,AP,TESTIGO,1,9890.017275
383079.7079,6285439.013,AP,TESTIGO,1,8761.363125
383083.9075,6285439.073,AP,TESTIGO,1,9149.93355
383088.107,6285439.132,AP,TESTIGO,1,9592.5015
383092.3066,6285439.192,AP,TESTIGO,1,8764.53945
383096.5062,6285439.251,AP,TESTIGO,1,9083.230725
383100.7058,6285439.31,AP,TESTIGO,1,9812.7267
383104.9054,6285439.37,AP,TESTIGO,1,8320.912725
383109.105,6285439.429,AP,TESTIGO,1,10486.1076
383113.3045,6285439.488,AP,TESTIGO,1,9474.977475
383117.5041,6285439.548,AP,TESTIGO,1,10126.1241
383121.7037,6285439.607,AP,TESTIGO,1,10032.9519
383125.9033,6285439.667,AP,TESTIGO,1,10335.76155
383130.1029,6285439.726,AP,TESTIGO,1,8849.24145
383134.3024,6285439.785,AP,TESTIGO,1,9214.878809
383138.502,6285439.845,AP,TESTIGO,1,10263.76485
383142.7016,6285439.904,AP,TESTIGO,1,10328.35013
383146.9012,6285439.963,AP,TESTIGO,1,13272.8034
383151.1008,6285440.023,AP,TESTIGO,1,10026.59925
383155.3003,6285440.082,AP,TESTIGO,1,9957.778875
383159.4999,6285440.142,AP,TESTIGO,1,9057.820125
383163.6995,6285440.201,AP,TESTIGO,1,8470.2
383167.8991,6285440.26,AP,TESTIGO,1,9213.46005
383172.0987,6285440.32,AP,TESTIGO,1,9806.37405
383176.2982,6285440.379,AP,TESTIGO,1,10321.99748
383180.4978,6285440.438,AP,TESTIGO,1,9306.63225
383184.6974,6285440.498,AP,TESTIGO,1,9611.55945
383188.897,6285440.557,AP,TESTIGO,1,8704.549259
383193.0966,6285440.617,AP,TESTIGO,1,7671.88365
383197.2961,6285440.676,AP,TESTIGO,1,8972.05935
383201.4957,6285440.735,AP,TESTIGO,1,9286.515525
383205.6953,6285440.795,AP,TESTIGO,1,7830.6999
383209.8949,6285440.854,AP,TESTIGO,1,10936.08698
383214.0945,6285440.913,AP,TESTIGO,1,9980.01315
383218.294,6285440.973,AP,TESTIGO,1,11093.84445
383222.4936,6285441.032,AP,TESTIGO,1,8436.3192
383226.6932,6285441.092,AP,TESTIGO,1,9398.745675
383230.8928,6285441.151,AP,TESTIGO,1,9776.72835
383235.0924,6285441.21,AP,TESTIGO,1,8506.19835
383239.2919,6285441.27,AP,TESTIGO,1,8254.2099
383243.4915,6285441.329,AP,TESTIGO,1,8523.13875
383247.6911,6285441.388,AP,TESTIGO,1,8796.3027
383251.8907,6285441.448,AP,TESTIGO,1,7498.24455
383256.0903,6285441.507,AP,TESTIGO,1,8659.720725
383260.2898,6285441.567,AP,TESTIGO,1,9317.22
383264.4894,6285441.626,AP,TESTIGO,1,8220.3291
383268.689,6285441.685,AP,TESTIGO,1,9128.75805
383272.8886,6285441.745,AP,TESTIGO,1,7964.10555
383277.0882,6285441.804,AP,TESTIGO,1,7707.882
383281.2877,6285441.863,BP,TESTIGO,1,6946.6785
383285.4873,6285441.923,BP,TESTIGO,1,7292.1735
383289.6869,6285441.982,BP,TESTIGO,1,5726.301
383293.8865,6285442.042,BP,TESTIGO,1,6921.045
383298.0861,6285442.101,BP,TESTIGO,1,7311.12
383302.2856,6285442.16,BP,TESTIGO,1,6378.2835
383306.4852,6285442.22,BP,TESTIGO,1,6499.764
383310.6848,6285442.279,BP,TESTIGO,1,7375.761
383314.8844,6285442.338,BP,TESTIGO,1,7304.433
383319.084,6285442.398,BP,TESTIGO,1,7530.6765
383323.2835,6285442.457,BP,TESTIGO,1,7690.05
383327.4831,6285442.517,BP,TESTIGO,1,8216.094
383331.6827,6285442.576,BP,TESTIGO,1,6811.824
383335.8823,6285442.635,BP,TESTIGO,1,8149.224
383340.0819,6285442.695,BP,TESTIGO,1,7045.869
383344.2814,6285442.754,BP,TESTIGO,1,7639.51857
383348.481,6285442.813,BP,TESTIGO,1,6118.605
383352.6806,6285442.873,BP,TESTIGO,1,6402.8025
383356.8802,6285442.932,BP,TESTIGO,1,7253.166
383361.0798,6285442.992,BP,TESTIGO,1,6591.153
383365.2793,6285443.051,BP,TESTIGO,1,6885.381
383369.4789,6285443.11,BP,TESTIGO,1,6952.251
383373.6785,6285443.17,BP,TESTIGO,1,6801.7935
383377.8781,6285443.229,BP,TESTIGO,1,6675.855
383382.0777,6285443.288,BP,TESTIGO,1,7094.907
383386.2773,6285443.348,BP,TESTIGO,1,6339.276
383390.4768,6285443.407,BP,TESTIGO,1,7016.892
383394.6764,6285443.467,BP,TESTIGO,1,6243.429
383398.876,6285443.526,BP,TESTIGO,1,6552.1455
383403.0756,6285443.585,BP,TESTIGO,1,7794.813
383407.2752,6285443.645,BP,TESTIGO,1,6937.38357
383411.4747,6285443.704,BP,TESTIGO,1,7518.417
383415.6743,6285443.763,BP,TESTIGO,1,7618.722
383419.8739,6285443.823,BP,TESTIGO,1,7025.808
383424.0735,6285443.882,BP,TESTIGO,1,8072.3235
383428.2731,6285443.942,BP,TESTIGO,1,7215.273
383432.4726,6285444.001,BP,TESTIGO,1,7257.624
383436.6722,6285444.06,BP,TESTIGO,1,6506.451
383440.8718,6285444.12,BP,TESTIGO,1,6862.35543
383445.0714,6285444.179,BP,TESTIGO,1,7310.0055
383449.271,6285444.238,BP,TESTIGO,1,7626.5235
383453.4705,6285444.298,BP,TESTIGO,1,8904.855
383457.6701,6285444.357,BP,TESTIGO,1,6887.61
383461.8697,6285444.417,BP,TESTIGO,1,6640.191
383466.0693,6285444.476,BP,TESTIGO,1,7483.48857
383470.2689,6285444.535,BP,TESTIGO,1,8119.1325
383474.4684,6285444.595,BP,TESTIGO,1,8219.4375
383478.668,6285444.654,BP,TESTIGO,1,7458.234
383482.8676,6285444.713,BP,TESTIGO,1,8239.4985
383487.0672,6285444.773,BP,TESTIGO,1,8461.284
383491.2668,6285444.832,BP,TESTIGO,1,9054.198
383495.4663,6285444.892,BP,TESTIGO,1,8291.88
383499.6659,6285444.951,BP,TESTIGO,1,7180.7235
383503.8655,6285445.01,BP,TESTIGO,1,8446.7955
383012.574,6285433.864,AP,TESTIGO,2,9110.5209
383016.7736,6285433.923,AP,TESTIGO,2,7909.719
383020.9731,6285433.983,AP,TESTIGO,2,9604.36605
383025.1727,6285434.042,AP,TESTIGO,2,9021.382875
383029.3723,6285434.101,AP,TESTIGO,2,9946.5741
383033.5719,6285434.161,AP,TESTIGO,2,9596.16945
383037.7715,6285434.22,AP,TESTIGO,2,8889.2127
383041.971,6285434.28,AP,TESTIGO,2,8503.9725
383046.1706,6285434.339,AP,TESTIGO,2,8164.838175
383050.3702,6285434.398,AP,TESTIGO,2,10005.99945
383054.5698,6285434.458,AP,TESTIGO,2,8936.34315
383058.7694,6285434.517,AP,TESTIGO,2,8884.089825
383062.9689,6285434.576,AP,TESTIGO,2,11392.24943
383067.1685,6285434.636,AP,TESTIGO,2,9756.00315
383071.3681,6285434.695,AP,TESTIGO,2,10799.0205
383075.5677,6285434.755,AP,TESTIGO,2,8946.5889
383079.7673,6285434.814,AP,TESTIGO,2,7939.431675
383083.9668,6285434.873,AP,TESTIGO,2,10277.51183
383088.1664,6285434.933,AP,TESTIGO,2,9856.4115
383092.366,6285434.992,AP,TESTIGO,2,8277.19307
383096.5656,6285435.051,AP,TESTIGO,2,6303.1854
383100.7652,6285435.111,AP,TESTIGO,2,7443.537375
383104.9647,6285435.17,AP,TESTIGO,2,7935.333375
383109.1643,6285435.23,AP,TESTIGO,2,9241.6665
383113.3639,6285435.289,AP,TESTIGO,2,8865.647475
383117.5635,6285435.348,AP,TESTIGO,2,8747.82135
383121.7631,6285435.408,AP,TESTIGO,2,10340.0109
383125.9626,6285435.467,AP,TESTIGO,2,9430.1883
383130.1622,6285435.526,AP,TESTIGO,2,9227.32245
383134.3618,6285435.586,AP,TESTIGO,2,7256.04015
383138.5614,6285435.645,AP,TESTIGO,2,7925.087625
383142.761,6285435.705,AP,TESTIGO,2,8292.91005
383146.9605,6285435.764,AP,TESTIGO,2,9754.978575
383151.1601,6285435.823,AP,TESTIGO,2,7620.78885
383155.3597,6285435.883,AP,TESTIGO,2,12983.4144
383159.5593,6285435.942,AP,TESTIGO,2,10336.93718
383163.7589,6285436.001,AP,TESTIGO,2,9790.8387
383167.9584,6285436.061,AP,TESTIGO,2,9557.2356
383172.158,6285436.12,AP,TESTIGO,2,9987.5571
383176.3576,6285436.18,AP,TESTIGO,2,8655.6096
383180.5572,6285436.239,AP,TESTIGO,2,7592.10075
383184.7568,6285436.298,AP,TESTIGO,2,8508.0708
383188.9564,6285436.358,AP,TESTIGO,2,7253.991
383193.1559,6285436.417,AP,TESTIGO,2,8613.602025
383197.3555,6285436.476,AP,TESTIGO,2,8998.842225
383201.5551,6285436.536,AP,TESTIGO,2,10971.1491
383205.7547,6285436.595,AP,TESTIGO,2,10616.64615
383209.9543,6285436.655,AP,TESTIGO,2,10380.9939
383214.1538,6285436.714,AP,TESTIGO,2,8180.2068
383218.3534,6285436.773,AP,TESTIGO,2,8516.2674
383222.553,6285436.833,AP,TESTIGO,2,7803.1632
383226.7526,6285436.892,AP,TESTIGO,2,8767.288275
383230.9522,6285436.951,AP,TESTIGO,2,8196.6
383235.1517,6285437.011,AP,TESTIGO,2,11428.10955
383239.3513,6285437.07,AP,TESTIGO,2,10195.54583
383243.5509,6285437.13,AP,TESTIGO,2,8454.7929
383247.7505,6285437.189,AP,TESTIGO,2,12286.7034
383251.9501,6285437.248,AP,TESTIGO,2,8991.6702
383256.1496,6285437.308,AP,TESTIGO,2,8116.68315
383260.3492,6285437.367,AP,TESTIGO,2,8128.97805
383264.5488,6285437.426,AP,TESTIGO,2,7249.8927
383268.7484,6285437.486,AP,TESTIGO,2,8850.27885
383272.948,6285437.545,AP,TESTIGO,2,7555.21605
383277.1475,6285437.604,AP,TESTIGO,2,7483.4958
383281.3471,6285437.664,AP,TESTIGO,2,5949.707025
383285.5467,6285437.723,BP,TESTIGO,2,7111.629
383289.7463,6285437.783,BP,TESTIGO,2,6902.4
383293.9459,6285437.842,BP,TESTIGO,2,6035.286
383298.1454,6285437.901,BP,TESTIGO,2,7023.192
383302.345,6285437.961,BP,TESTIGO,2,7112.7075
383306.5446,6285438.02,BP,TESTIGO,2,6009.402
383310.7442,6285438.079,BP,TESTIGO,2,7618.524
383314.9438,6285438.139,BP,TESTIGO,2,6564.8295
383319.1433,6285438.198,BP,TESTIGO,2,7617.4455
383323.3429,6285438.258,BP,TESTIGO,2,7117.0215
383327.5425,6285438.317,BP,TESTIGO,2,5968.419
383331.7421,6285438.376,BP,TESTIGO,2,7558.128
383335.9417,6285438.436,BP,TESTIGO,2,6936.912
383340.1412,6285438.495,BP,TESTIGO,2,7449.1995
383344.3408,6285438.554,BP,TESTIGO,2,7497.732
383348.5404,6285438.614,BP,TESTIGO,2,8052.081
383352.74,6285438.673,BP,TESTIGO,2,7529.0085
383356.9396,6285438.733,BP,TESTIGO,2,8170.716
383361.1391,6285438.792,BP,TESTIGO,2,8181.501
383365.3387,6285438.851,BP,TESTIGO,2,6858.1815
383369.5383,6285438.911,BP,TESTIGO,2,6266.085
383373.7379,6285438.97,BP,TESTIGO,2,6564.8295
383377.9375,6285439.029,BP,TESTIGO,2,6771.9015
383382.137,6285439.089,BP,TESTIGO,2,7575.384
383386.3366,6285439.148,BP,TESTIGO,2,7356.4485
383390.5362,6285439.208,BP,TESTIGO,2,7182.81
383394.7358,6285439.267,BP,TESTIGO,2,8705.652
383398.9354,6285439.326,BP,TESTIGO,2,7151.5335
383403.1349,6285439.386,BP,TESTIGO,2,7640.094
383407.3345,6285439.445,BP,TESTIGO,2,7135.356
383411.5341,6285439.504,BP,TESTIGO,2,6798.864
383415.7337,6285439.564,BP,TESTIGO,2,6831.219
383419.9333,6285439.623,BP,TESTIGO,2,6418.1535
383424.1328,6285439.683,BP,TESTIGO,2,6545.4165
383428.3324,6285439.742,BP,TESTIGO,2,6798.864
383432.532,6285439.801,BP,TESTIGO,2,7090.059
383436.7316,6285439.861,BP,TESTIGO,2,7801.869
383440.9312,6285439.92,BP,TESTIGO,2,8436.027
383445.1307,6285439.979,BP,TESTIGO,2,6986.523
383449.3303,6285440.039,BP,TESTIGO,2,7573.227
383453.5299,6285440.098,BP,TESTIGO,2,7505.2815
383457.7295,6285440.158,BP,TESTIGO,2,6270.399
383461.9291,6285440.217,BP,TESTIGO,2,7888.149
383466.1287,6285440.276,BP,TESTIGO,2,6652.188
383470.3282,6285440.336,BP,TESTIGO,2,7588.326
383474.5278,6285440.395,BP,TESTIGO,2,6515.2185
383478.7274,6285440.454,BP,TESTIGO,2,8606.43
383482.927,6285440.514,BP,TESTIGO,2,7290.66
383487.1266,6285440.573,BP,TESTIGO,2,7445.964
383491.3261,6285440.633,BP,TESTIGO,2,8535.249
383495.5257,6285440.692,BP,TESTIGO,2,7461.063
383499.7253,6285440.751,BP,TESTIGO,2,7028.5845
383503.9249,6285440.811,BP,TESTIGO,2,6576.693
383012.6334,6285429.664,AP,SPS+Zn,2,7995.88812
383016.8329,6285429.724,AP,SPS+Zn,2,10099.10976
383021.0325,6285429.783,AP,SPS+Zn,2,11092.61424
383025.2321,6285429.842,AP,SPS+Zn,2,11003.74572
383029.4317,6285429.902,AP,SPS+Zn,2,9612.61158
383033.6313,6285429.961,AP,SPS+Zn,2,9899.72526
383037.8308,6285430.021,AP,SPS+Zn,2,10414.70694
383042.0304,6285430.08,AP,SPS+Zn,2,9016.73676
383046.23,6285430.139,AP,SPS+Zn,2,10239.63596
383050.4296,6285430.199,AP,SPS+Zn,2,7979.93736
383054.6292,6285430.258,AP,SPS+Zn,2,10377.10872
383058.8287,6285430.317,AP,SPS+Zn,2,8180.4612
383063.0283,6285430.377,AP,SPS+Zn,2,10162.9128
383067.2279,6285430.436,AP,SPS+Zn,2,9390.44028
383071.4275,6285430.496,AP,SPS+Zn,2,12116.8809
383075.6271,6285430.555,AP,SPS+Zn,2,10472.81328
383079.8266,6285430.614,AP,SPS+Zn,2,10772.84708
383084.0262,6285430.674,AP,SPS+Zn,2,11500.49796
383088.2258,6285430.733,AP,SPS+Zn,2,10470.5346
383092.4254,6285430.792,AP,SPS+Zn,2,10326.97776
383096.625,6285430.852,AP,SPS+Zn,2,10104.80646
383100.8245,6285430.911,AP,SPS+Zn,2,8435.67336
383105.0241,6285430.971,AP,SPS+Zn,2,9142.06416
383109.2237,6285431.03,AP,SPS+Zn,2,9478.16946
383113.4233,6285431.089,AP,SPS+Zn,2,10042.14276
383117.6229,6285431.149,AP,SPS+Zn,2,10270.01076
383121.8224,6285431.208,AP,SPS+Zn,2,9877.32584
383126.022,6285431.267,AP,SPS+Zn,2,10681.3125
383130.2216,6285431.327,AP,SPS+Zn,2,9394.99764
383134.4212,6285431.386,AP,SPS+Zn,2,12167.01186
383138.6208,6285431.446,AP,SPS+Zn,2,9495.25956
383142.8203,6285431.505,AP,SPS+Zn,2,10252.92066
383147.0199,6285431.564,AP,SPS+Zn,2,9996.56916
383151.2195,6285431.624,AP,SPS+Zn,2,10635.7389
383155.4191,6285431.683,AP,SPS+Zn,2,9342.588
383159.6187,6285431.742,AP,SPS+Zn,2,9203.58852
383163.8182,6285431.802,AP,SPS+Zn,2,9957.8316
383168.0178,6285431.861,AP,SPS+Zn,2,8861.78652
383172.2174,6285431.921,AP,SPS+Zn,2,9939.60216
383176.417,6285431.98,AP,SPS+Zn,2,11774.69152
383180.6166,6285432.039,AP,SPS+Zn,2,11569.9977
383184.8161,6285432.099,AP,SPS+Zn,2,10340.64984
383189.0157,6285432.158,AP,SPS+Zn,2,9686.66868
383193.2153,6285432.217,AP,SPS+Zn,2,8260.215
383197.4149,6285432.277,AP,SPS+Zn,2,8769.49998
383201.6145,6285432.336,AP,SPS+Zn,2,8475.93764
383205.814,6285432.396,AP,SPS+Zn,2,9659.32452
383210.0136,6285432.455,AP,SPS+Zn,2,10504.7148
383214.2132,6285432.514,AP,SPS+Zn,2,11498.21928
383218.4128,6285432.574,AP,SPS+Zn,2,10071.7656
383222.6124,6285432.633,AP,SPS+Zn,2,10272.28944
383226.8119,6285432.692,AP,SPS+Zn,2,11088.05688
383231.0115,6285432.752,AP,SPS+Zn,2,10728.02544
383235.2111,6285432.811,AP,SPS+Zn,2,12002.9469
383239.4107,6285432.871,AP,SPS+Zn,2,10423.82166
383243.6103,6285432.93,AP,SPS+Zn,2,10410.14958
383247.8098,6285432.989,AP,SPS+Zn,2,12938.34504
383252.0094,6285433.049,AP,SPS+Zn,2,9714.01284
383256.209,6285433.108,AP,SPS+Zn,2,9569.31666
383260.4086,6285433.167,AP,SPS+Zn,2,9823.38948
383264.6082,6285433.227,AP,SPS+Zn,2,9778.95522
383268.8078,6285433.286,AP,SPS+Zn,2,7861.446
383273.0073,6285433.346,AP,SPS+Zn,2,8590.6236
383277.2069,6285433.405,AP,SPS+Zn,2,9250.30146
383281.4065,6285433.464,AP,SPS+Zn,2,9246.88344
383285.6061,6285433.524,BP,SPS+Zn,2,6715.26996
383289.8057,6285433.583,BP,SPS+Zn,2,8162.23176
383294.0052,6285433.642,BP,SPS+Zn,2,7307.72676
383298.2048,6285433.702,BP,SPS+Zn,2,8231.7315
383302.4044,6285433.761,BP,SPS+Zn,2,8718.22968
383306.604,6285433.821,BP,SPS+Zn,2,6813.2532
383310.8036,6285433.88,BP,SPS+Zn,2,8417.44392
383315.0031,6285433.939,BP,SPS+Zn,2,8946.09768
383319.2027,6285433.999,BP,SPS+Zn,2,7578.88968
383323.4023,6285434.058,BP,SPS+Zn,2,7471.79172
383327.6019,6285434.117,BP,SPS+Zn,2,8731.90176
383331.8015,6285434.177,BP,SPS+Zn,2,7780.55286
383336.001,6285434.236,BP,SPS+Zn,2,8203.248
383340.2006,6285434.296,BP,SPS+Zn,2,6783.63036
383344.4002,6285434.355,BP,SPS+Zn,2,7554.96354
383348.5998,6285434.414,BP,SPS+Zn,2,8169.0678
383352.7994,6285434.474,BP,SPS+Zn,2,7585.72572
383356.9989,6285434.533,BP,SPS+Zn,2,7282.66128
383361.1985,6285434.592,BP,SPS+Zn,2,8185.01856
383365.3981,6285434.652,BP,SPS+Zn,2,6371.18928
383369.5977,6285434.711,BP,SPS+Zn,2,6112.5591
383373.7973,6285434.771,BP,SPS+Zn,2,6920.35116
383377.9968,6285434.83,BP,SPS+Zn,2,7483.18512
383382.1964,6285434.889,BP,SPS+Zn,2,7080.9981
383386.396,6285434.949,BP,SPS+Zn,2,7439.8902
383390.5956,6285435.008,BP,SPS+Zn,2,7182.39936
383394.7952,6285435.067,BP,SPS+Zn,2,7725.47716
383398.9947,6285435.127,BP,SPS+Zn,2,6690.20448
383403.1943,6285435.186,BP,SPS+Zn,2,7000.10496
383407.3939,6285435.246,BP,SPS+Zn,2,7483.18512
383411.5935,6285435.305,BP,SPS+Zn,2,8278.44444
383415.7931,6285435.364,BP,SPS+Zn,2,7749.79068
383419.9926,6285435.424,BP,SPS+Zn,2,6896.42502
383424.1922,6285435.483,BP,SPS+Zn,2,7487.74248
383428.3918,6285435.542,BP,SPS+Zn,2,7830.68382
383432.5914,6285435.602,BP,SPS+Zn,2,8187.29724
383436.791,6285435.661,BP,SPS+Zn,2,8468.71422
383440.9905,6285435.721,BP,SPS+Zn,2,7829.54448
383445.1901,6285435.78,BP,SPS+Zn,2,6407.64816
383449.3897,6285435.839,BP,SPS+Zn,2,8027.78964
383453.5893,6285435.899,BP,SPS+Zn,2,6887.3103
383457.7889,6285435.958,BP,SPS+Zn,2,6920.35116
383461.9884,6285436.017,BP,SPS+Zn,2,7165.30926
383466.188,6285436.077,BP,SPS+Zn,2,6945.41664
383470.3876,6285436.136,BP,SPS+Zn,2,7006.941
383474.5872,6285436.195,BP,SPS+Zn,2,7442.16888
383478.7868,6285436.255,BP,SPS+Zn,2,6667.41768
383482.9863,6285436.314,BP,SPS+Zn,2,6343.84512
383487.1859,6285436.374,BP,SPS+Zn,2,6368.9106
383491.3855,6285436.433,BP,SPS+Zn,2,6787.04838
383495.5851,6285436.492,BP,SPS+Zn,2,6573.9918
383499.7847,6285436.552,BP,SPS+Zn,2,6694.76184
383503.9842,6285436.611,BP,SPS+Zn,2,7822.70844
383508.1838,6285436.67,BP,SPS+Zn,2,8036.90436
383012.6927,6285425.465,AP,SPS,2,6657.926
383016.8923,6285425.524,AP,SPS,2,9496.491
383021.0919,6285425.584,AP,SPS,2,8255.033
383025.2915,6285425.643,AP,SPS,2,9931.664
383029.491,6285425.702,AP,SPS,2,8767.521
383033.6906,6285425.762,AP,SPS,2,8984.003
383037.8902,6285425.821,AP,SPS,2,10741.2625
383042.0898,6285425.88,AP,SPS,2,11424.948
383046.2894,6285425.94,AP,SPS,2,9288.845
383050.4889,6285425.999,AP,SPS,2,9391.93903
383054.6885,6285426.059,AP,SPS,2,9450.102
383058.8881,6285426.118,AP,SPS,2,8958.5995
383063.0877,6285426.177,AP,SPS,2,10369.046
383067.2873,6285426.237,AP,SPS,2,10581.11
383071.4869,6285426.296,AP,SPS,2,10977.6255
383075.6864,6285426.355,AP,SPS,2,9939.77103
383079.886,6285426.415,AP,SPS,2,11386.2905
383084.0856,6285426.474,AP,SPS,2,11519.935
383088.2852,6285426.533,AP,SPS,2,9876.439
383092.4848,6285426.593,AP,SPS,2,8623.936
383096.6843,6285426.652,AP,SPS,2,9434.639
383100.8839,6285426.712,AP,SPS,2,9229.202
383105.0835,6285426.771,AP,SPS,2,10227.67
383109.2831,6285426.83,AP,SPS,2,9522.999
383113.4827,6285426.89,AP,SPS,2,9969.217
383117.6822,6285426.949,AP,SPS,2,8747.64
383121.8818,6285427.008,AP,SPS,2,8135.747
383126.0814,6285427.068,AP,SPS,2,10153.6685
383130.281,6285427.127,AP,SPS,2,10466.242
383134.4806,6285427.187,AP,SPS,2,10725.7995
383138.6801,6285427.246,AP,SPS,2,9730.645
383142.8797,6285427.305,AP,SPS,2,10936.759
383147.0793,6285427.365,AP,SPS,2,9655.539
383151.2789,6285427.424,AP,SPS,2,12969.039
383155.4785,6285427.483,AP,SPS,2,9421.385
383159.678,6285427.543,AP,SPS,2,9801.333
383163.8776,6285427.602,AP,SPS,2,10921.296
383168.0772,6285427.662,AP,SPS,2,10587.737
383172.2768,6285427.721,AP,SPS,2,9731.37397
383176.4764,6285427.78,AP,SPS,2,11407.276
383180.6759,6285427.84,AP,SPS,2,9916.201
383184.8755,6285427.899,AP,SPS,2,8343.393
383189.0751,6285427.958,AP,SPS,2,10490.541
383193.2747,6285428.018,AP,SPS,2,8425.126
383197.4743,6285428.077,AP,SPS,2,10352.4785
383201.6738,6285428.137,AP,SPS,2,10652.9025
383205.8734,6285428.196,AP,SPS,2,9964.799
383210.073,6285428.255,AP,SPS,2,11280.2585
383214.2726,6285428.315,AP,SPS,2,11198.5255
383218.4722,6285428.374,AP,SPS,2,10695.978
383222.6717,6285428.433,AP,SPS,2,9299.89
383226.8713,6285428.493,AP,SPS,2,9969.217
383231.0709,6285428.552,AP,SPS,2,9918.41
383235.2705,6285428.612,AP,SPS,2,9244.665
383239.4701,6285428.671,AP,SPS,2,10090.712
383243.6696,6285428.73,AP,SPS,2,11316.707
383247.8692,6285428.79,AP,SPS,2,10731.322
383252.0688,6285428.849,AP,SPS,2,10303.8805
383256.2684,6285428.908,AP,SPS,2,9741.69
383260.468,6285428.968,AP,SPS,2,10313.821
383264.6675,6285429.027,AP,SPS,2,9254.6055
383268.8671,6285429.087,AP,SPS,2,8678.0565
383273.0667,6285429.146,AP,SPS,2,9103.289
383277.2663,6285429.205,AP,SPS,2,8999.466
383281.4659,6285429.265,AP,SPS,2,8638.2945
383285.6654,6285429.324,AP,SPS,2,7921.474
383289.865,6285429.383,BP,SPS,2,8126.911
383294.0646,6285429.443,BP,SPS,2,7652.70497
383298.2642,6285429.502,BP,SPS,2,8073.895
383302.4638,6285429.562,BP,SPS,2,8166.673
383306.6633,6285429.621,BP,SPS,2,7772.74203
383310.8629,6285429.68,BP,SPS,2,7923.683
383315.0625,6285429.74,BP,SPS,2,7332.7755
383319.2621,6285429.799,BP,SPS,2,9149.678
383323.4617,6285429.858,BP,SPS,2,7754.31897
383327.6612,6285429.918,BP,SPS,2,8880.18
383331.8608,6285429.977,BP,SPS,2,8364.3785
383336.0604,6285430.037,BP,SPS,2,7543.735
383340.26,6285430.096,BP,SPS,2,8796.238
383344.4596,6285430.155,BP,SPS,2,8002.1025
383348.6592,6285430.215,BP,SPS,2,6956.141
383352.8587,6285430.274,BP,SPS,2,6956.141
383357.0583,6285430.333,BP,SPS,2,8494.7095
383361.2579,6285430.393,BP,SPS,2,8151.21
383365.4575,6285430.452,BP,SPS,2,8337.8705
383369.6571,6285430.512,BP,SPS,2,6550.7895
383373.8566,6285430.571,BP,SPS,2,7484.092
383378.0562,6285430.63,BP,SPS,2,7199.131
383382.2558,6285430.69,BP,SPS,2,7520.5405
383386.4554,6285430.749,BP,SPS,2,6899.8115
383390.655,6285430.808,BP,SPS,2,6371.8605
383394.8545,6285430.868,BP,SPS,2,6365.2335
383399.0541,6285430.927,BP,SPS,2,5298.2865
383403.2537,6285430.987,BP,SPS,2,6074.75
383407.4533,6285431.046,BP,SPS,2,6026.152
383411.6529,6285431.105,BP,SPS,2,5409.841
383415.8524,6285431.165,BP,SPS,2,5227.5985
383420.052,6285431.224,BP,SPS,2,5738.982
383424.2516,6285431.283,BP,SPS,2,5727.937
383428.4512,6285431.343,BP,SPS,2,6434.817
383432.6508,6285431.402,BP,SPS,2,6217.2305
383436.8503,6285431.462,BP,SPS,2,6547.476
383441.0499,6285431.521,BP,SPS,2,6399.473
383445.2495,6285431.58,BP,SPS,2,6445.862
383449.4491,6285431.64,BP,SPS,2,6976.022
383453.6487,6285431.699,BP,SPS,2,5973.136
383457.8482,6285431.758,BP,SPS,2,6580.611
383462.0478,6285431.818,BP,SPS,2,6011.7935
383466.2474,6285431.877,BP,SPS,2,5261.838
383470.447,6285431.937,BP,SPS,2,5873.731
383474.6466,6285431.996,BP,SPS,2,5767.699
383478.8461,6285432.055,BP,SPS,2,5662.7715
383483.0457,6285432.115,BP,SPS,2,5680.4435
383487.2453,6285432.174,BP,SPS,2,5636.2635
383491.4449,6285432.233,BP,SPS,2,5001.176
383495.6445,6285432.293,BP,SPS,2,6344.248
383499.844,6285432.352,BP,SPS,2,4987.922
